{
  "C": 788840.8648134054,
  "alpha": -0.8284307545572295,
  "r2": 0.9844935805367829,
  "ideal_slope": -1.0,
  "deviation": 0.17156924544277052
}